Workbook

Sheet داخلي
A1: ملف داخلي — لا يُرسل للشركة أو الموزع
A2: هذا الملف فيه سعر التكلفة. الملف الذي يُرسل هو soap-client-offer.xlsx وفيه سعر البيع والعمولة والكميات فقط.
A4: شرط الشريحة الثالثة
A5: حصة الأساسية من الربح | B5: =2/3
A6: حصة المتوسطة من الربح | B6: =1/2
A7: حصة الثالثة من الربح | B7: =1/3
A8: أقل هامش | B8: =MIN(المنتجات!F4:F27)
A9: منتج السقف | B9: =INDEX(المنتجات!B4:B27,MATCH(B8,المنتجات!F4:F27,0))
A10: نسبة الأولى من سعر البيع | B10: =(1-B5)*B8
A11: نسبة الثانية من سعر البيع | B11: =(1-B6)*B8
A12: نسبة الثالثة من سعر البيع | B12: =(1-B7)*B8
A14: نسبة الشريحة الثالثة = ثلثا أقل هامش. بهذا يبقى لك ثلث الربح على منتج السقف، وأكثر من ذلك في باقي الأصناف. ملف العرض يعرض هذه النسبة كنسبة من سعر البيع فقط.
A16: حدود الكمية الداخلية — طابقها مع ملف العرض إذا عدّلتها
A17: التصنيف | B17: الأولى حتى | C17: الثانية حتى | D17: الثالثة
A18: صابون قالب | B18: 48 | C18: 120 | D18: ="أكثر من "&TEXT(C18,"#,##0")
A19: مقشر جسم | B19: 24 | C19: 72 | D19: ="أكثر من "&TEXT(C19,"#,##0")
A20: صابون سائل | B20: 36 | C20: 96 | D20: ="أكثر من "&TEXT(C20,"#,##0")
A21: جل استحمام | B21: 36 | C21: 96 | D21: ="أكثر من "&TEXT(C21,"#,##0")

Sheet الإعدادات

Sheet المنتجات
A1: تكلفة وربح كل صنف — استخدام داخلي
A3: التصنيف | B3: المنتج | C3: سعر البيع | D3: التكلفة | E3: الربح | F3: الهامش | G3: يحدد السقف | H3: نسبة الثالثة | I3: عمولة الثالثة | J3: صافي بعد العمولة والتكلفة | K3: حصة الربح في الثالثة | L3: الحالة
A4: صابون قالب | B4: Bar Soap - Black Soap 95GM | C4: 3 | D4: 1.45 | E4: =C4-D4 | F4: =IF(C4=0,0,E4/C4) | G4: =IF(ABS(F4-داخلي!$B$8)<0.0000001,"نعم","") | H4: =داخلي!$B$12 | I4: =C4*H4 | J4: =C4-I4-D4 | K4: =IF(E4=0,0,J4/E4) | L4: =IF(K4+0.0000001>=داخلي!$B$7,"يتحقق","أقل من الثلث")
A5: صابون قالب | B5: Bar Soap - Coffee Soap 95GM | C5: 3 | D5: 1.25 | E5: =C5-D5 | F5: =IF(C5=0,0,E5/C5) | G5: =IF(ABS(F5-داخلي!$B$8)<0.0000001,"نعم","") | H5: =داخلي!$B$12 | I5: =C5*H5 | J5: =C5-I5-D5 | K5: =IF(E5=0,0,J5/E5) | L5: =IF(K5+0.0000001>=داخلي!$B$7,"يتحقق","أقل من الثلث")
A6: صابون قالب | B6: Bar Soap - Curcum Soap 95GM | C6: 3.25 | D6: 1.45 | E6: =C6-D6 | F6: =IF(C6=0,0,E6/C6) | G6: =IF(ABS(F6-داخلي!$B$8)<0.0000001,"نعم","") | H6: =داخلي!$B$12 | I6: =C6*H6 | J6: =C6-I6-D6 | K6: =IF(E6=0,0,J6/E6) | L6: =IF(K6+0.0000001>=داخلي!$B$7,"يتحقق","أقل من الثلث")
A7: صابون قالب | B7: Bar Soap - Ghar Soap 95GM | C7: 3.5 | D7: 1.8 | E7: =C7-D7 | F7: =IF(C7=0,0,E7/C7) | G7: =IF(ABS(F7-داخلي!$B$8)<0.0000001,"نعم","") | H7: =داخلي!$B$12 | I7: =C7*H7 | J7: =C7-I7-D7 | K7: =IF(E7=0,0,J7/E7) | L7: =IF(K7+0.0000001>=داخلي!$B$7,"يتحقق","أقل من الثلث")
A8: صابون قالب | B8: Bar Soap - Lavender Soap 95GM | C8: 3.5 | D8: 1.8 | E8: =C8-D8 | F8: =IF(C8=0,0,E8/C8) | G8: =IF(ABS(F8-داخلي!$B$8)<0.0000001,"نعم","") | H8: =داخلي!$B$12 | I8: =C8*H8 | J8: =C8-I8-D8 | K8: =IF(E8=0,0,J8/E8) | L8: =IF(K8+0.0000001>=داخلي!$B$7,"يتحقق","أقل من الثلث")
A9: صابون قالب | B9: Bar Soap - Malva 95GM | C9: 3.25 | D9: 1.45 | E9: =C9-D9 | F9: =IF(C9=0,0,E9/C9) | G9: =IF(ABS(F9-داخلي!$B$8)<0.0000001,"نعم","") | H9: =داخلي!$B$12 | I9: =C9*H9 | J9: =C9-I9-D9 | K9: =IF(E9=0,0,J9/E9) | L9: =IF(K9+0.0000001>=داخلي!$B$7,"يتحقق","أقل من الثلث")
A10: صابون قالب | B10: Bar Soap - Pitch White Soap 95GM | C10: 4.5 | D10: 1.8 | E10: =C10-D10 | F10: =IF(C10=0,0,E10/C10) | G10: =IF(ABS(F10-داخلي!$B$8)<0.0000001,"نعم","") | H10: =داخلي!$B$12 | I10: =C10*H10 | J10: =C10-I10-D10 | K10: =IF(E10=0,0,J10/E10) | L10: =IF(K10+0.0000001>=داخلي!$B$7,"يتحقق","أقل من الثلث")
A11: صابون قالب | B11: Bar Soap - The Miracle 95gm | C11: 4.5 | D11: 2 | E11: =C11-D11 | F11: =IF(C11=0,0,E11/C11) | G11: =IF(ABS(F11-داخلي!$B$8)<0.0000001,"نعم","") | H11: =داخلي!$B$12 | I11: =C11*H11 | J11: =C11-I11-D11 | K11: =IF(E11=0,0,J11/E11) | L11: =IF(K11+0.0000001>=داخلي!$B$7,"يتحقق","أقل من الثلث")
A12: مقشر جسم | B12: Body Scrub - Coffee 300ml | C12: 8 | D12: 2.8 | E12: =C12-D12 | F12: =IF(C12=0,0,E12/C12) | G12: =IF(ABS(F12-داخلي!$B$8)<0.0000001,"نعم","") | H12: =داخلي!$B$12 | I12: =C12*H12 | J12: =C12-I12-D12 | K12: =IF(E12=0,0,J12/E12) | L12: =IF(K12+0.0000001>=داخلي!$B$7,"يتحقق","أقل من الثلث")
A13: مقشر جسم | B13: Body Scrub - Dovey 300ml | C13: 8 | D13: 2.8 | E13: =C13-D13 | F13: =IF(C13=0,0,E13/C13) | G13: =IF(ABS(F13-داخلي!$B$8)<0.0000001,"نعم","") | H13: =داخلي!$B$12 | I13: =C13*H13 | J13: =C13-I13-D13 | K13: =IF(E13=0,0,J13/E13) | L13: =IF(K13+0.0000001>=داخلي!$B$7,"يتحقق","أقل من الثلث")
A14: مقشر جسم | B14: Body Scrub - Liligum 300ml | C14: 8 | D14: 2.8 | E14: =C14-D14 | F14: =IF(C14=0,0,E14/C14) | G14: =IF(ABS(F14-داخلي!$B$8)<0.0000001,"نعم","") | H14: =داخلي!$B$12 | I14: =C14*H14 | J14: =C14-I14-D14 | K14: =IF(E14=0,0,J14/E14) | L14: =IF(K14+0.0000001>=داخلي!$B$7,"يتحقق","أقل من الثلث")
A15: مقشر جسم | B15: Body Scrub - Misk 300ml | C15: 8 | D15: 2.8 | E15: =C15-D15 | F15: =IF(C15=0,0,E15/C15) | G15: =IF(ABS(F15-داخلي!$B$8)<0.0000001,"نعم","") | H15: =داخلي!$B$12 | I15: =C15*H15 | J15: =C15-I15-D15 | K15: =IF(E15=0,0,J15/E15) | L15: =IF(K15+0.0000001>=داخلي!$B$7,"يتحقق","أقل من الثلث")
... A27: جل استحمام | B27: Shower Gel - Oud 400ml | C27: 5 | D27: 1.95 | E27: =C27-D27 | F27: =IF(C27=0,0,E27/C27) | G27: =IF(ABS(F27-داخلي!$B$8)<0.0000001,"نعم","") | H27: =داخلي!$B$12 | I27: =C27*H27 | J27: =C27-I27-D27 | K27: =IF(E27=0,0,J27/E27) | L27: =IF(K27+0.0000001>=داخلي!$B$7,"يتحقق","أقل من الثلث")

Sheet الحاسبة
A1: حاسبة داخلية بالكميات حسب التصنيف
A2: الشريحة من كمية التصنيف. التكلفة هنا للتأكد أن الشريحة الثالثة تبقي ثلث الربح على الأقل.
A4: التصنيف | B4: الكمية | C4: الشريحة | D4: المبيعات | E4: التكلفة | F4: العمولة | G4: صافي المالك | H4: حصته من الربح
A5: =داخلي!A18 | B5: =SUMIF($B$12:$B$35,A5,$D$12:$D$35) | C5: =IF(B5=0,"—",IF(B5<=VLOOKUP(A5,داخلي!$A$18:$C$21,2,FALSE),"الأولى",IF(B5<=VLOOKUP(A5,داخلي!$A$18:$C$21,3,FALSE),"الثانية","الثالثة"))) | D5: =SUMIF($B$12:$B$35,A5,$F$12:$F$35) | E5: =SUMIF($B$12:$B$35,A5,$G$12:$G$35) | F5: =SUMIF($B$12:$B$35,A5,$I$12:$I$35) | G5: =D5-E5-F5 | H5: =IF(D5-E5=0,0,G5/(D5-E5))
A6: =داخلي!A19 | B6: =SUMIF($B$12:$B$35,A6,$D$12:$D$35) | C6: =IF(B6=0,"—",IF(B6<=VLOOKUP(A6,داخلي!$A$18:$C$21,2,FALSE),"الأولى",IF(B6<=VLOOKUP(A6,داخلي!$A$18:$C$21,3,FALSE),"الثانية","الثالثة"))) | D6: =SUMIF($B$12:$B$35,A6,$F$12:$F$35) | E6: =SUMIF($B$12:$B$35,A6,$G$12:$G$35) | F6: =SUMIF($B$12:$B$35,A6,$I$12:$I$35) | G6: =D6-E6-F6 | H6: =IF(D6-E6=0,0,G6/(D6-E6))
A7: =داخلي!A20 | B7: =SUMIF($B$12:$B$35,A7,$D$12:$D$35) | C7: =IF(B7=0,"—",IF(B7<=VLOOKUP(A7,داخلي!$A$18:$C$21,2,FALSE),"الأولى",IF(B7<=VLOOKUP(A7,داخلي!$A$18:$C$21,3,FALSE),"الثانية","الثالثة"))) | D7: =SUMIF($B$12:$B$35,A7,$F$12:$F$35) | E7: =SUMIF($B$12:$B$35,A7,$G$12:$G$35) | F7: =SUMIF($B$12:$B$35,A7,$I$12:$I$35) | G7: =D7-E7-F7 | H7: =IF(D7-E7=0,0,G7/(D7-E7))
A8: =داخلي!A21 | B8: =SUMIF($B$12:$B$35,A8,$D$12:$D$35) | C8: =IF(B8=0,"—",IF(B8<=VLOOKUP(A8,داخلي!$A$18:$C$21,2,FALSE),"الأولى",IF(B8<=VLOOKUP(A8,داخلي!$A$18:$C$21,3,FALSE),"الثانية","الثالثة"))) | D8: =SUMIF($B$12:$B$35,A8,$F$12:$F$35) | E8: =SUMIF($B$12:$B$35,A8,$G$12:$G$35) | F8: =SUMIF($B$12:$B$35,A8,$I$12:$I$35) | G8: =D8-E8-F8 | H8: =IF(D8-E8=0,0,G8/(D8-E8))
A11: المنتج | B11: التصنيف | C11: سعر البيع | D11: الكمية | E11: التكلفة للقطعة | F11: المبيعات | G11: تكلفة الكمية | H11: كمية التصنيف | I11: العمولة | J11: صافي المالك | K11: حصته من الربح | L11: الحالة
A12: =المنتجات!B4 | B12: =المنتجات!A4 | C12: =المنتجات!C4 | E12: =المنتجات!D4 | F12: =IF(D12="",0,D12)*C12 | G12: =IF(D12="",0,D12)*E12 | H12: =SUMIF($B$12:$B$35,B12,$D$12:$D$35) | I12: =IF(H12=0,0,F12*IF(H12<=VLOOKUP(B12,داخلي!$A$18:$C$21,2,FALSE),داخلي!$B$10,IF(H12<=VLOOKUP(B12,داخلي!$A$18:$C$21,3,FALSE),داخلي!$B$11,داخلي!$B$12))) | J12: =F12-G12-I12 | K12: =IF(F12-G12=0,0,J12/(F12-G12)) | L12: =IF(D12="", "", IF(K12+0.0000001>=IF(H12<=VLOOKUP(B12,داخلي!$A$18:$C$21,2,FALSE),داخلي!$B$5,IF(H12<=VLOOKUP(B12,داخلي!$A$18:$C$21,3,FALSE),داخلي!$B$6,داخلي!$B$7)),"يتحقق","مراجعة"))
A13: =المنتجات!B5 | B13: =المنتجات!A5 | C13: =المنتجات!C5 | E13: =المنتجات!D5 | F13: =IF(D13="",0,D13)*C13 | G13: =IF(D13="",0,D13)*E13 | H13: =SUMIF($B$12:$B$35,B13,$D$12:$D$35) | I13: =IF(H13=0,0,F13*IF(H13<=VLOOKUP(B13,داخلي!$A$18:$C$21,2,FALSE),داخلي!$B$10,IF(H13<=VLOOKUP(B13,داخلي!$A$18:$C$21,3,FALSE),داخلي!$B$11,داخلي!$B$12))) | J13: =F13-G13-I13 | K13: =IF(F13-G13=0,0,J13/(F13-G13)) | L13: =IF(D13="", "", IF(K13+0.0000001>=IF(H13<=VLOOKUP(B13,داخلي!$A$18:$C$21,2,FALSE),داخلي!$B$5,IF(H13<=VLOOKUP(B13,داخلي!$A$18:$C$21,3,FALSE),داخلي!$B$6,داخلي!$B$7)),"يتحقق","مراجعة"))
A14: =المنتجات!B6 | B14: =المنتجات!A6 | C14: =المنتجات!C6 | E14: =المنتجات!D6 | F14: =IF(D14="",0,D14)*C14 | G14: =IF(D14="",0,D14)*E14 | H14: =SUMIF($B$12:$B$35,B14,$D$12:$D$35) | I14: =IF(H14=0,0,F14*IF(H14<=VLOOKUP(B14,داخلي!$A$18:$C$21,2,FALSE),داخلي!$B$10,IF(H14<=VLOOKUP(B14,داخلي!$A$18:$C$21,3,FALSE),داخلي!$B$11,داخلي!$B$12))) | J14: =F14-G14-I14 | K14: =IF(F14-G14=0,0,J14/(F14-G14)) | L14: =IF(D14="", "", IF(K14+0.0000001>=IF(H14<=VLOOKUP(B14,داخلي!$A$18:$C$21,2,FALSE),داخلي!$B$5,IF(H14<=VLOOKUP(B14,داخلي!$A$18:$C$21,3,FALSE),داخلي!$B$6,داخلي!$B$7)),"يتحقق","مراجعة"))
A15: =المنتجات!B7 | B15: =المنتجات!A7 | C15: =المنتجات!C7 | E15: =المنتجات!D7 | F15: =IF(D15="",0,D15)*C15 | G15: =IF(D15="",0,D15)*E15 | H15: =SUMIF($B$12:$B$35,B15,$D$12:$D$35) | I15: =IF(H15=0,0,F15*IF(H15<=VLOOKUP(B15,داخلي!$A$18:$C$21,2,FALSE),داخلي!$B$10,IF(H15<=VLOOKUP(B15,داخلي!$A$18:$C$21,3,FALSE),داخلي!$B$11,داخلي!$B$12))) | J15: =F15-G15-I15 | K15: =IF(F15-G15=0,0,J15/(F15-G15)) | L15: =IF(D15="", "", IF(K15+0.0000001>=IF(H15<=VLOOKUP(B15,داخلي!$A$18:$C$21,2,FALSE),داخلي!$B$5,IF(H15<=VLOOKUP(B15,داخلي!$A$18:$C$21,3,FALSE),داخلي!$B$6,داخلي!$B$7)),"يتحقق","مراجعة"))
A16: =المنتجات!B8 | B16: =المنتجات!A8 | C16: =المنتجات!C8 | E16: =المنتجات!D8 | F16: =IF(D16="",0,D16)*C16 | G16: =IF(D16="",0,D16)*E16 | H16: =SUMIF($B$12:$B$35,B16,$D$12:$D$35) | I16: =IF(H16=0,0,F16*IF(H16<=VLOOKUP(B16,داخلي!$A$18:$C$21,2,FALSE),داخلي!$B$10,IF(H16<=VLOOKUP(B16,داخلي!$A$18:$C$21,3,FALSE),داخلي!$B$11,داخلي!$B$12))) | J16: =F16-G16-I16 | K16: =IF(F16-G16=0,0,J16/(F16-G16)) | L16: =IF(D16="", "", IF(K16+0.0000001>=IF(H16<=VLOOKUP(B16,داخلي!$A$18:$C$21,2,FALSE),داخلي!$B$5,IF(H16<=VLOOKUP(B16,داخلي!$A$18:$C$21,3,FALSE),داخلي!$B$6,داخلي!$B$7)),"يتحقق","مراجعة"))
A17: =المنتجات!B9 | B17: =المنتجات!A9 | C17: =المنتجات!C9 | E17: =المنتجات!D9 | F17: =IF(D17="",0,D17)*C17 | G17: =IF(D17="",0,D17)*E17 | H17: =SUMIF($B$12:$B$35,B17,$D$12:$D$35) | I17: =IF(H17=0,0,F17*IF(H17<=VLOOKUP(B17,داخلي!$A$18:$C$21,2,FALSE),داخلي!$B$10,IF(H17<=VLOOKUP(B17,داخلي!$A$18:$C$21,3,FALSE),داخلي!$B$11,داخلي!$B$12))) | J17: =F17-G17-I17 | K17: =IF(F17-G17=0,0,J17/(F17-G17)) | L17: =IF(D17="", "", IF(K17+0.0000001>=IF(H17<=VLOOKUP(B17,داخلي!$A$18:$C$21,2,FALSE),داخلي!$B$5,IF(H17<=VLOOKUP(B17,داخلي!$A$18:$C$21,3,FALSE),داخلي!$B$6,داخلي!$B$7)),"يتحقق","مراجعة"))
A18: =المنتجات!B10 | B18: =المنتجات!A10 | C18: =المنتجات!C10 | E18: =المنتجات!D10 | F18: =IF(D18="",0,D18)*C18 | G18: =IF(D18="",0,D18)*E18 | H18: =SUMIF($B$12:$B$35,B18,$D$12:$D$35) | I18: =IF(H18=0,0,F18*IF(H18<=VLOOKUP(B18,داخلي!$A$18:$C$21,2,FALSE),داخلي!$B$10,IF(H18<=VLOOKUP(B18,داخلي!$A$18:$C$21,3,FALSE),داخلي!$B$11,داخلي!$B$12))) | J18: =F18-G18-I18 | K18: =IF(F18-G18=0,0,J18/(F18-G18)) | L18: =IF(D18="", "", IF(K18+0.0000001>=IF(H18<=VLOOKUP(B18,داخلي!$A$18:$C$21,2,FALSE),داخلي!$B$5,IF(H18<=VLOOKUP(B18,داخلي!$A$18:$C$21,3,FALSE),داخلي!$B$6,داخلي!$B$7)),"يتحقق","مراجعة"))
A19: =المنتجات!B11 | B19: =المنتجات!A11 | C19: =المنتجات!C11 | E19: =المنتجات!D11 | F19: =IF(D19="",0,D19)*C19 | G19: =IF(D19="",0,D19)*E19 | H19: =SUMIF($B$12:$B$35,B19,$D$12:$D$35) | I19: =IF(H19=0,0,F19*IF(H19<=VLOOKUP(B19,داخلي!$A$18:$C$21,2,FALSE),داخلي!$B$10,IF(H19<=VLOOKUP(B19,داخلي!$A$18:$C$21,3,FALSE),داخلي!$B$11,داخلي!$B$12))) | J19: =F19-G19-I19 | K19: =IF(F19-G19=0,0,J19/(F19-G19)) | L19: =IF(D19="", "", IF(K19+0.0000001>=IF(H19<=VLOOKUP(B19,داخلي!$A$18:$C$21,2,FALSE),داخلي!$B$5,IF(H19<=VLOOKUP(B19,داخلي!$A$18:$C$21,3,FALSE),داخلي!$B$6,داخلي!$B$7)),"يتحقق","مراجعة"))
A20: =المنتجات!B12 | B20: =المنتجات!A12 | C20: =المنتجات!C12 | E20: =المنتجات!D12 | F20: =IF(D20="",0,D20)*C20 | G20: =IF(D20="",0,D20)*E20 | H20: =SUMIF($B$12:$B$35,B20,$D$12:$D$35) | I20: =IF(H20=0,0,F20*IF(H20<=VLOOKUP(B20,داخلي!$A$18:$C$21,2,FALSE),داخلي!$B$10,IF(H20<=VLOOKUP(B20,داخلي!$A$18:$C$21,3,FALSE),داخلي!$B$11,داخلي!$B$12))) | J20: =F20-G20-I20 | K20: =IF(F20-G20=0,0,J20/(F20-G20)) | L20: =IF(D20="", "", IF(K20+0.0000001>=IF(H20<=VLOOKUP(B20,داخلي!$A$18:$C$21,2,FALSE),داخلي!$B$5,IF(H20<=VLOOKUP(B20,داخلي!$A$18:$C$21,3,FALSE),داخلي!$B$6,داخلي!$B$7)),"يتحقق","مراجعة"))
A21: =المنتجات!B13 | B21: =المنتجات!A13 | C21: =المنتجات!C13 | E21: =المنتجات!D13 | F21: =IF(D21="",0,D21)*C21 | G21: =IF(D21="",0,D21)*E21 | H21: =SUMIF($B$12:$B$35,B21,$D$12:$D$35) | I21: =IF(H21=0,0,F21*IF(H21<=VLOOKUP(B21,داخلي!$A$18:$C$21,2,FALSE),داخلي!$B$10,IF(H21<=VLOOKUP(B21,داخلي!$A$18:$C$21,3,FALSE),داخلي!$B$11,داخلي!$B$12))) | J21: =F21-G21-I21 | K21: =IF(F21-G21=0,0,J21/(F21-G21)) | L21: =IF(D21="", "", IF(K21+0.0000001>=IF(H21<=VLOOKUP(B21,داخلي!$A$18:$C$21,2,FALSE),داخلي!$B$5,IF(H21<=VLOOKUP(B21,داخلي!$A$18:$C$21,3,FALSE),داخلي!$B$6,داخلي!$B$7)),"يتحقق","مراجعة"))
A22: =المنتجات!B14 | B22: =المنتجات!A14 | C22: =المنتجات!C14 | E22: =المنتجات!D14 | F22: =IF(D22="",0,D22)*C22 | G22: =IF(D22="",0,D22)*E22 | H22: =SUMIF($B$12:$B$35,B22,$D$12:$D$35) | I22: =IF(H22=0,0,F22*IF(H22<=VLOOKUP(B22,داخلي!$A$18:$C$21,2,FALSE),داخلي!$B$10,IF(H22<=VLOOKUP(B22,داخلي!$A$18:$C$21,3,FALSE),داخلي!$B$11,داخلي!$B$12))) | J22: =F22-G22-I22 | K22: =IF(F22-G22=0,0,J22/(F22-G22)) | L22: =IF(D22="", "", IF(K22+0.0000001>=IF(H22<=VLOOKUP(B22,داخلي!$A$18:$C$21,2,FALSE),داخلي!$B$5,IF(H22<=VLOOKUP(B22,داخلي!$A$18:$C$21,3,FALSE),داخلي!$B$6,داخلي!$B$7)),"يتحقق","مراجعة"))
A23: =المنتجات!B15 | B23: =المنتجات!A15 | C23: =المنتجات!C15 | E23: =المنتجات!D15 | F23: =IF(D23="",0,D23)*C23 | G23: =IF(D23="",0,D23)*E23 | H23: =SUMIF($B$12:$B$35,B23,$D$12:$D$35) | I23: =IF(H23=0,0,F23*IF(H23<=VLOOKUP(B23,داخلي!$A$18:$C$21,2,FALSE),داخلي!$B$10,IF(H23<=VLOOKUP(B23,داخلي!$A$18:$C$21,3,FALSE),داخلي!$B$11,داخلي!$B$12))) | J23: =F23-G23-I23 | K23: =IF(F23-G23=0,0,J23/(F23-G23)) | L23: =IF(D23="", "", IF(K23+0.0000001>=IF(H23<=VLOOKUP(B23,داخلي!$A$18:$C$21,2,FALSE),داخلي!$B$5,IF(H23<=VLOOKUP(B23,داخلي!$A$18:$C$21,3,FALSE),داخلي!$B$6,داخلي!$B$7)),"يتحقق","مراجعة"))
... A35: =المنتجات!B27 | B35: =المنتجات!A27 | C35: =المنتجات!C27 | E35: =المنتجات!D27 | F35: =IF(D35="",0,D35)*C35 | G35: =IF(D35="",0,D35)*E35 | H35: =SUMIF($B$12:$B$35,B35,$D$12:$D$35) | I35: =IF(H35=0,0,F35*IF(H35<=VLOOKUP(B35,داخلي!$A$18:$C$21,2,FALSE),داخلي!$B$10,IF(H35<=VLOOKUP(B35,داخلي!$A$18:$C$21,3,FALSE),داخلي!$B$11,داخلي!$B$12))) | J35: =F35-G35-I35 | K35: =IF(F35-G35=0,0,J35/(F35-G35)) | L35: =IF(D35="", "", IF(K35+0.0000001>=IF(H35<=VLOOKUP(B35,داخلي!$A$18:$C$21,2,FALSE),داخلي!$B$5,IF(H35<=VLOOKUP(B35,داخلي!$A$18:$C$21,3,FALSE),داخلي!$B$6,داخلي!$B$7)),"يتحقق","مراجعة"))
