Workbook

Sheet الخطة
A1: خطة مبيعات الصابون — ثلاث شرائح للشركة التي تبيع نيابة عنك
A2: الشركة تأخذ عمولة من سعر البيع. كلما ارتفعت المبيعات الشهرية ارتفعت نسبتها. في الشريحة العليا يبقى لك ثلث الربح على الأقل، والربح هو سعر البيع ناقص التكلفة.
A3: الأرقام أدناه دوال مرتبطة بورقة الإعدادات وورقة المنتجات. غيّر الحصة أو حدود المبيعات من الخلايا الصفراء في الإعدادات.
A5: البيان | B5: الشريحة الأساسية | C5: الشريحة المتوسطة | D5: الشريحة العليا
A6: حصتك من الربح | B6: =الإعدادات!B6 | C6: =الإعدادات!B7 | D6: =الإعدادات!B8
A7: حصة الشركة من الربح | B7: =الإعدادات!C6 | C7: =الإعدادات!C7 | D7: =الإعدادات!C8
A8: قيمة المبيعات الشهرية | B8: ="حتى "&TEXT(الإعدادات!C12,"#,##0") | C8: ="أكثر من "&TEXT(الإعدادات!C12,"#,##0")&" وحتى "&TEXT(الإعدادات!C13,"#,##0") | D8: ="أكثر من "&TEXT(الإعدادات!C13,"#,##0")
A9: العمولة من سعر البيع (الوضع الموحد) | B9: =الإعدادات!B23 | C9: =الإعدادات!B24 | D9: =الإعدادات!B25
A11: المنتج الذي يضع سقف العمولة
A12: المنتج | B12: =الإعدادات!B22
A13: سعر البيع | B13: =VLOOKUP(B12,المنتجات!B4:D27,2,FALSE) | C13: التكلفة | D13: =VLOOKUP(B12,المنتجات!B4:D27,3,FALSE)
A14: الربح | B14: =B13-D13 | C14: هامش الربح | D14: =IF(B13=0,0,B14/B13)
A16: على قطعة واحدة من منتج السقف
A17: على منتج السقف | B17: الأساسية | C17: المتوسطة | D17: العليا
A18: عمولة الشركة للقطعة | B18: =VLOOKUP($B$12,المنتجات!$B$4:$T$27,8,FALSE) | C18: =VLOOKUP($B$12,المنتجات!$B$4:$T$27,12,FALSE) | D18: =VLOOKUP($B$12,المنتجات!$B$4:$T$27,16,FALSE)
A19: ما يبقى لك من القطعة | B19: =VLOOKUP($B$12,المنتجات!$B$4:$T$27,9,FALSE) | C19: =VLOOKUP($B$12,المنتجات!$B$4:$T$27,13,FALSE) | D19: =VLOOKUP($B$12,المنتجات!$B$4:$T$27,17,FALSE)
A20: حصتك من ربح القطعة | B20: =VLOOKUP($B$12,المنتجات!$B$4:$T$27,10,FALSE) | C20: =VLOOKUP($B$12,المنتجات!$B$4:$T$27,14,FALSE) | D20: =VLOOKUP($B$12,المنتجات!$B$4:$T$27,18,FALSE)
A22: مقارنة مع مقشر الجسم (أعلى هامش) — نفس نسب الخطة
A23: المنتج | B23: Body Scrub - Coffee 300ml
A24: حصتك من الربح في الشريحة العليا | B24: =VLOOKUP(B23,المنتجات!$B$4:$T$27,18,FALSE) | C24: عمولة العليا للقطعة | D24: =VLOOKUP(B23,المنتجات!$B$4:$T$27,16,FALSE)
A26: ملخص التصنيفات — لو بيعت وحدة واحدة من كل صنف داخل التصنيف
A27: التصنيف | B27: عدد الأصناف | C27: مجموع سعر البيع | D27: مجموع التكلفة | E27: مجموع الربح | F27: هامش التصنيف | G27: شرط العليا
A28: صابون قالب | B28: =COUNTIF(المنتجات!$A$4:$A$27,A28) | C28: =SUMIF(المنتجات!$A$4:$A$27,A28,المنتجات!$C$4:$C$27) | D28: =SUMIF(المنتجات!$A$4:$A$27,A28,المنتجات!$D$4:$D$27) | E28: =SUMIF(المنتجات!$A$4:$A$27,A28,المنتجات!$E$4:$E$27) | F28: =IF(C28=0,0,E28/C28) | G28: =IF(COUNTIFS(المنتجات!$A$4:$A$27,A28,المنتجات!$T$4:$T$27,"يتحقق")=B28,"يتحقق","مراجعة")
A29: مقشر جسم | B29: =COUNTIF(المنتجات!$A$4:$A$27,A29) | C29: =SUMIF(المنتجات!$A$4:$A$27,A29,المنتجات!$C$4:$C$27) | D29: =SUMIF(المنتجات!$A$4:$A$27,A29,المنتجات!$D$4:$D$27) | E29: =SUMIF(المنتجات!$A$4:$A$27,A29,المنتجات!$E$4:$E$27) | F29: =IF(C29=0,0,E29/C29) | G29: =IF(COUNTIFS(المنتجات!$A$4:$A$27,A29,المنتجات!$T$4:$T$27,"يتحقق")=B29,"يتحقق","مراجعة")
A30: صابون سائل | B30: =COUNTIF(المنتجات!$A$4:$A$27,A30) | C30: =SUMIF(المنتجات!$A$4:$A$27,A30,المنتجات!$C$4:$C$27) | D30: =SUMIF(المنتجات!$A$4:$A$27,A30,المنتجات!$D$4:$D$27) | E30: =SUMIF(المنتجات!$A$4:$A$27,A30,المنتجات!$E$4:$E$27) | F30: =IF(C30=0,0,E30/C30) | G30: =IF(COUNTIFS(المنتجات!$A$4:$A$27,A30,المنتجات!$T$4:$T$27,"يتحقق")=B30,"يتحقق","مراجعة")
A31: جل استحمام | B31: =COUNTIF(المنتجات!$A$4:$A$27,A31) | C31: =SUMIF(المنتجات!$A$4:$A$27,A31,المنتجات!$C$4:$C$27) | D31: =SUMIF(المنتجات!$A$4:$A$27,A31,المنتجات!$D$4:$D$27) | E31: =SUMIF(المنتجات!$A$4:$A$27,A31,المنتجات!$E$4:$E$27) | F31: =IF(C31=0,0,E31/C31) | G31: =IF(COUNTIFS(المنتجات!$A$4:$A$27,A31,المنتجات!$T$4:$T$27,"يتحقق")=B31,"يتحقق","مراجعة")
A33: المجموع | B33: =SUM(B28:B31) | C33: =SUM(C28:C31) | D33: =SUM(D28:D31) | E33: =SUM(E28:E31) | F33: =IF(C33=0,0,E33/C33) | G33: =IF(COUNTIF(المنتجات!T4:T27,"يتحقق")=B33,"يتحقق","مراجعة")
A35: نص يمكن إرساله للشركة
A36: ="تعمل الشركة بيع المنتجات نيابة عن صاحبها مقابل عمولة من سعر البيع، على ثلاث شرائح حسب قيمة المبيعات الشهرية."&CHAR(10)&"الأساسية: مبيعات "&TEXT(الإعدادات!C12,"#,##0")&" أو أقل، والعمولة "&TEXT(الإعدادات!B23,"0.00%")&" من سعر البيع، ويبقى لصاحب المنتج "&TEXT(الإعدادات!B6,"0.00%")&" من الربح على الأقل."&CHAR(10)&"المتوسطة: أكثر من "&TEXT(الإعدادات!C12,"#,##0")&" وحتى "&TEXT(الإعدادات!C13,"#,##0")&"، والعمولة "&TEXT(الإعدادات!B24,"0.00%")&"، ويبقى له "&TEXT(الإعدادات!B7,"0.00%")&" من الربح على الأقل."&CHAR(10)&"العليا: أكثر من "&TEXT(الإعدادات!C13,"#,##0")&"، والعمولة "&TEXT(الإعدادات!B25,"0.00%")&"، ويبقى له "&TEXT(الإعدادات!B8,"0.00%")&" من الربح على الأقل."&CHAR(10)&"هذه النسب الموحدة محسوبة على أقل هامش وهو "&TEXT(الإعدادات!B20,"0.00%")&" ("&الإعدادات!B22&"). رفع العمولة فوق نسبة الشريحة العليا ينزل نصيب المالك في هذا المنتج تحت ثلث الربح."&CHAR(10)&IF(الإعدادات!B17="حسب المنتج","الوضع الحالي حسب المنتج: عمولة كل صنف تُحسب من هامشه، فتبقى حصة المالك ثابتة ويرتفع نصيب الشركة في الأصناف الأعلى هامشاً.","الوضع الحالي موحّد: نسبة واحدة لكل الأصناف.")

Sheet الإعدادات
A1: إعدادات الخطة — عدّل الخلايا الصفراء فقط
A2: الربح = سعر البيع − التكلفة. أعلى شريحة تُبقي لك ثلث هذا الربح على الأقل في كل منتج. الحدود الشهرية أرقام ابتدائية وليست من ملف المنتجات، فغيّرها حسب الاتفاق.
A4: ١) حصتك من الربح
A5: الشريحة | B5: حصتك من الربح | C5: حصة الشركة من الربح | D5: المعنى
A6: الأساسية | B6: =2/3 | C6: =1-B6 | D6: المبيعات الأصغر. الشركة تأخذ ثلث الربح، ويبقى لك الثلثان.
A7: المتوسطة | B7: =1/2 | C7: =1-B7 | D7: الشركة تأخذ نصف الربح، ويبقى لك النصف.
A8: العليا | B8: =1/3 | C8: =1-B8 | D8: أعلى عمولة. يبقى لك ثلث الربح على الأقل. هذا شرط الخطة.
A10: ٢) حدود قيمة المبيعات الشهرية
A11: الشريحة | B11: تبدأ بعد | C11: وحتى | D11: ملاحظة
A12: الأساسية | B12: 0 | C12: 500 | D12: رقم ابتدائي. غيّره حسب الاتفاق.
A13: المتوسطة | B13: =C12 | C13: 1500 | D13: رقم ابتدائي. غيّره حسب الاتفاق.
A14: العليا | B14: =C13 | C14: فأكثر | D14: كل مبيعات تتجاوز حد الشريحة المتوسطة.
A16: ٣) طريقة حساب العمولة
A17: الطريقة | B17: موحدة | C17: موحدة: نسبة واحدة لكل المنتجات، محسوبة على أقل هامش حتى يتحقق الشرط في كل صنف. حسب المنتج: عمولة كل صنف من هامشه، فتبقى حصتك كما هي ويرتفع نصيب الشركة في الأصناف الأعلى هامشاً.
A19: ٤) نتائج محسوبة بالدوال — لا تُكتب يدوياً
A20: أقل هامش ربح | B20: =MIN(المنتجات!F4:F27)
A21: عدد المنتجات التي تضع السقف | B21: =COUNTIF(المنتجات!G4:G27,"نعم")
A22: أول منتج على السقف | B22: =INDEX(المنتجات!B4:B27,MATCH(B20,المنتجات!F4:F27,0))
A23: نسبة العمولة الموحدة — الأساسية | B23: =(1-B6)*B20
A24: نسبة العمولة الموحدة — المتوسطة | B24: =(1-B7)*B20
A25: نسبة العمولة الموحدة — العليا | B25: =(1-B8)*B20
A26: أعلى هامش ربح | B26: =MAX(المنتجات!F4:F27)
A27: أعلى عمولة خاصة بالمنتج في الشريحة العليا | B27: =(1-B8)*B26
A28: =IF(OR(B8>B7,B7>B6),"تنبيه: اجعل حصة الشريحة العليا أصغر من المتوسطة، والمتوسطة أصغر من الأساسية.","ترتيب الحصص سليم: الأساسية ثم المتوسطة ثم العليا.")
A30: معادلة الشريحة العليا: نسبة العمولة من سعر البيع = (1 − حصتك من الربح) × هامش الربح. عند الحصة الثلث تصبح النسبة ثلثي الهامش. في الوضع الموحد يُستخدم أقل هامش، وهو هامش صابون الغار واللافندر، حتى لا ينزل نصيبك تحت الثلث في أي صنف.

Sheet المنتجات
A1: منتجات الصابون — الربح والعمولة في كل شريحة
A2: الخلايا الصفراء هي سعر البيع والتكلفة ويمكن تعديلها. باقي الأعمدة دوال. عمود «يحدد السقف» = نعم يعني أن هذا المنتج هو الأقل هامشاً، وعليه تُحسب النسبة الموحدة.
A3: التصنيف | B3: المنتج | C3: سعر البيع | D3: التكلفة | E3: الربح | F3: هامش الربح | G3: يحدد السقف | H3: نسبة الأساسية | I3: عمولة الأساسية | J3: صافي المالك | K3: حصة المالك | L3: نسبة المتوسطة | M3: عمولة المتوسطة | N3: صافي المالك | O3: حصة المالك | P3: نسبة العليا | Q3: عمولة العليا | R3: صافي المالك | S3: حصة المالك | T3: شرط الثلث
A4: صابون قالب | B4: Bar Soap - Black Soap 95GM | C4: 3 | D4: 1.45 | E4: =C4-D4 | F4: =IF(C4=0,0,E4/C4) | G4: =IF(ABS(F4-الإعدادات!$B$20)<0.0000001,"نعم","") | H4: =IF(الإعدادات!$B$17="حسب المنتج",(1-الإعدادات!$B$6)*F4,الإعدادات!$B$23) | I4: =C4*H4 | J4: =C4-I4-D4 | K4: =IF(E4=0,0,J4/E4) | L4: =IF(الإعدادات!$B$17="حسب المنتج",(1-الإعدادات!$B$7)*F4,الإعدادات!$B$24) | M4: =C4*L4 | N4: =C4-M4-D4 | O4: =IF(E4=0,0,N4/E4) | P4: =IF(الإعدادات!$B$17="حسب المنتج",(1-الإعدادات!$B$8)*F4,الإعدادات!$B$25) | Q4: =C4*P4 | R4: =C4-Q4-D4 | S4: =IF(E4=0,0,R4/E4) | T4: =IF(S4+0.0000001>=الإعدادات!$B$8,"يتحقق","أقل من الشرط")
A5: صابون قالب | B5: Bar Soap - Coffee Soap 95GM | C5: 3 | D5: 1.25 | E5: =C5-D5 | F5: =IF(C5=0,0,E5/C5) | G5: =IF(ABS(F5-الإعدادات!$B$20)<0.0000001,"نعم","") | H5: =IF(الإعدادات!$B$17="حسب المنتج",(1-الإعدادات!$B$6)*F5,الإعدادات!$B$23) | I5: =C5*H5 | J5: =C5-I5-D5 | K5: =IF(E5=0,0,J5/E5) | L5: =IF(الإعدادات!$B$17="حسب المنتج",(1-الإعدادات!$B$7)*F5,الإعدادات!$B$24) | M5: =C5*L5 | N5: =C5-M5-D5 | O5: =IF(E5=0,0,N5/E5) | P5: =IF(الإعدادات!$B$17="حسب المنتج",(1-الإعدادات!$B$8)*F5,الإعدادات!$B$25) | Q5: =C5*P5 | R5: =C5-Q5-D5 | S5: =IF(E5=0,0,R5/E5) | T5: =IF(S5+0.0000001>=الإعدادات!$B$8,"يتحقق","أقل من الشرط")
A6: صابون قالب | B6: Bar Soap - Curcum Soap 95GM | C6: 3.25 | D6: 1.45 | E6: =C6-D6 | F6: =IF(C6=0,0,E6/C6) | G6: =IF(ABS(F6-الإعدادات!$B$20)<0.0000001,"نعم","") | H6: =IF(الإعدادات!$B$17="حسب المنتج",(1-الإعدادات!$B$6)*F6,الإعدادات!$B$23) | I6: =C6*H6 | J6: =C6-I6-D6 | K6: =IF(E6=0,0,J6/E6) | L6: =IF(الإعدادات!$B$17="حسب المنتج",(1-الإعدادات!$B$7)*F6,الإعدادات!$B$24) | M6: =C6*L6 | N6: =C6-M6-D6 | O6: =IF(E6=0,0,N6/E6) | P6: =IF(الإعدادات!$B$17="حسب المنتج",(1-الإعدادات!$B$8)*F6,الإعدادات!$B$25) | Q6: =C6*P6 | R6: =C6-Q6-D6 | S6: =IF(E6=0,0,R6/E6) | T6: =IF(S6+0.0000001>=الإعدادات!$B$8,"يتحقق","أقل من الشرط")
A7: صابون قالب | B7: Bar Soap - Ghar Soap 95GM | C7: 3.5 | D7: 1.8 | E7: =C7-D7 | F7: =IF(C7=0,0,E7/C7) | G7: =IF(ABS(F7-الإعدادات!$B$20)<0.0000001,"نعم","") | H7: =IF(الإعدادات!$B$17="حسب المنتج",(1-الإعدادات!$B$6)*F7,الإعدادات!$B$23) | I7: =C7*H7 | J7: =C7-I7-D7 | K7: =IF(E7=0,0,J7/E7) | L7: =IF(الإعدادات!$B$17="حسب المنتج",(1-الإعدادات!$B$7)*F7,الإعدادات!$B$24) | M7: =C7*L7 | N7: =C7-M7-D7 | O7: =IF(E7=0,0,N7/E7) | P7: =IF(الإعدادات!$B$17="حسب المنتج",(1-الإعدادات!$B$8)*F7,الإعدادات!$B$25) | Q7: =C7*P7 | R7: =C7-Q7-D7 | S7: =IF(E7=0,0,R7/E7) | T7: =IF(S7+0.0000001>=الإعدادات!$B$8,"يتحقق","أقل من الشرط")
A8: صابون قالب | B8: Bar Soap - Lavender Soap 95GM | C8: 3.5 | D8: 1.8 | E8: =C8-D8 | F8: =IF(C8=0,0,E8/C8) | G8: =IF(ABS(F8-الإعدادات!$B$20)<0.0000001,"نعم","") | H8: =IF(الإعدادات!$B$17="حسب المنتج",(1-الإعدادات!$B$6)*F8,الإعدادات!$B$23) | I8: =C8*H8 | J8: =C8-I8-D8 | K8: =IF(E8=0,0,J8/E8) | L8: =IF(الإعدادات!$B$17="حسب المنتج",(1-الإعدادات!$B$7)*F8,الإعدادات!$B$24) | M8: =C8*L8 | N8: =C8-M8-D8 | O8: =IF(E8=0,0,N8/E8) | P8: =IF(الإعدادات!$B$17="حسب المنتج",(1-الإعدادات!$B$8)*F8,الإعدادات!$B$25) | Q8: =C8*P8 | R8: =C8-Q8-D8 | S8: =IF(E8=0,0,R8/E8) | T8: =IF(S8+0.0000001>=الإعدادات!$B$8,"يتحقق","أقل من الشرط")
A9: صابون قالب | B9: Bar Soap - Malva 95GM | C9: 3.25 | D9: 1.45 | E9: =C9-D9 | F9: =IF(C9=0,0,E9/C9) | G9: =IF(ABS(F9-الإعدادات!$B$20)<0.0000001,"نعم","") | H9: =IF(الإعدادات!$B$17="حسب المنتج",(1-الإعدادات!$B$6)*F9,الإعدادات!$B$23) | I9: =C9*H9 | J9: =C9-I9-D9 | K9: =IF(E9=0,0,J9/E9) | L9: =IF(الإعدادات!$B$17="حسب المنتج",(1-الإعدادات!$B$7)*F9,الإعدادات!$B$24) | M9: =C9*L9 | N9: =C9-M9-D9 | O9: =IF(E9=0,0,N9/E9) | P9: =IF(الإعدادات!$B$17="حسب المنتج",(1-الإعدادات!$B$8)*F9,الإعدادات!$B$25) | Q9: =C9*P9 | R9: =C9-Q9-D9 | S9: =IF(E9=0,0,R9/E9) | T9: =IF(S9+0.0000001>=الإعدادات!$B$8,"يتحقق","أقل من الشرط")
A10: صابون قالب | B10: Bar Soap - Pitch White Soap 95GM | C10: 4.5 | D10: 1.8 | E10: =C10-D10 | F10: =IF(C10=0,0,E10/C10) | G10: =IF(ABS(F10-الإعدادات!$B$20)<0.0000001,"نعم","") | H10: =IF(الإعدادات!$B$17="حسب المنتج",(1-الإعدادات!$B$6)*F10,الإعدادات!$B$23) | I10: =C10*H10 | J10: =C10-I10-D10 | K10: =IF(E10=0,0,J10/E10) | L10: =IF(الإعدادات!$B$17="حسب المنتج",(1-الإعدادات!$B$7)*F10,الإعدادات!$B$24) | M10: =C10*L10 | N10: =C10-M10-D10 | O10: =IF(E10=0,0,N10/E10) | P10: =IF(الإعدادات!$B$17="حسب المنتج",(1-الإعدادات!$B$8)*F10,الإعدادات!$B$25) | Q10: =C10*P10 | R10: =C10-Q10-D10 | S10: =IF(E10=0,0,R10/E10) | T10: =IF(S10+0.0000001>=الإعدادات!$B$8,"يتحقق","أقل من الشرط")
A11: صابون قالب | B11: Bar Soap - The Miracle 95gm | C11: 4.5 | D11: 2 | E11: =C11-D11 | F11: =IF(C11=0,0,E11/C11) | G11: =IF(ABS(F11-الإعدادات!$B$20)<0.0000001,"نعم","") | H11: =IF(الإعدادات!$B$17="حسب المنتج",(1-الإعدادات!$B$6)*F11,الإعدادات!$B$23) | I11: =C11*H11 | J11: =C11-I11-D11 | K11: =IF(E11=0,0,J11/E11) | L11: =IF(الإعدادات!$B$17="حسب المنتج",(1-الإعدادات!$B$7)*F11,الإعدادات!$B$24) | M11: =C11*L11 | N11: =C11-M11-D11 | O11: =IF(E11=0,0,N11/E11) | P11: =IF(الإعدادات!$B$17="حسب المنتج",(1-الإعدادات!$B$8)*F11,الإعدادات!$B$25) | Q11: =C11*P11 | R11: =C11-Q11-D11 | S11: =IF(E11=0,0,R11/E11) | T11: =IF(S11+0.0000001>=الإعدادات!$B$8,"يتحقق","أقل من الشرط")
A12: مقشر جسم | B12: Body Scrub - Coffee 300ml | C12: 8 | D12: 2.8 | E12: =C12-D12 | F12: =IF(C12=0,0,E12/C12) | G12: =IF(ABS(F12-الإعدادات!$B$20)<0.0000001,"نعم","") | H12: =IF(الإعدادات!$B$17="حسب المنتج",(1-الإعدادات!$B$6)*F12,الإعدادات!$B$23) | I12: =C12*H12 | J12: =C12-I12-D12 | K12: =IF(E12=0,0,J12/E12) | L12: =IF(الإعدادات!$B$17="حسب المنتج",(1-الإعدادات!$B$7)*F12,الإعدادات!$B$24) | M12: =C12*L12 | N12: =C12-M12-D12 | O12: =IF(E12=0,0,N12/E12) | P12: =IF(الإعدادات!$B$17="حسب المنتج",(1-الإعدادات!$B$8)*F12,الإعدادات!$B$25) | Q12: =C12*P12 | R12: =C12-Q12-D12 | S12: =IF(E12=0,0,R12/E12) | T12: =IF(S12+0.0000001>=الإعدادات!$B$8,"يتحقق","أقل من الشرط")
A13: مقشر جسم | B13: Body Scrub - Dovey 300ml | C13: 8 | D13: 2.8 | E13: =C13-D13 | F13: =IF(C13=0,0,E13/C13) | G13: =IF(ABS(F13-الإعدادات!$B$20)<0.0000001,"نعم","") | H13: =IF(الإعدادات!$B$17="حسب المنتج",(1-الإعدادات!$B$6)*F13,الإعدادات!$B$23) | I13: =C13*H13 | J13: =C13-I13-D13 | K13: =IF(E13=0,0,J13/E13) | L13: =IF(الإعدادات!$B$17="حسب المنتج",(1-الإعدادات!$B$7)*F13,الإعدادات!$B$24) | M13: =C13*L13 | N13: =C13-M13-D13 | O13: =IF(E13=0,0,N13/E13) | P13: =IF(الإعدادات!$B$17="حسب المنتج",(1-الإعدادات!$B$8)*F13,الإعدادات!$B$25) | Q13: =C13*P13 | R13: =C13-Q13-D13 | S13: =IF(E13=0,0,R13/E13) | T13: =IF(S13+0.0000001>=الإعدادات!$B$8,"يتحقق","أقل من الشرط")
A14: مقشر جسم | B14: Body Scrub - Liligum 300ml | C14: 8 | D14: 2.8 | E14: =C14-D14 | F14: =IF(C14=0,0,E14/C14) | G14: =IF(ABS(F14-الإعدادات!$B$20)<0.0000001,"نعم","") | H14: =IF(الإعدادات!$B$17="حسب المنتج",(1-الإعدادات!$B$6)*F14,الإعدادات!$B$23) | I14: =C14*H14 | J14: =C14-I14-D14 | K14: =IF(E14=0,0,J14/E14) | L14: =IF(الإعدادات!$B$17="حسب المنتج",(1-الإعدادات!$B$7)*F14,الإعدادات!$B$24) | M14: =C14*L14 | N14: =C14-M14-D14 | O14: =IF(E14=0,0,N14/E14) | P14: =IF(الإعدادات!$B$17="حسب المنتج",(1-الإعدادات!$B$8)*F14,الإعدادات!$B$25) | Q14: =C14*P14 | R14: =C14-Q14-D14 | S14: =IF(E14=0,0,R14/E14) | T14: =IF(S14+0.0000001>=الإعدادات!$B$8,"يتحقق","أقل من الشرط")
A15: مقشر جسم | B15: Body Scrub - Misk 300ml | C15: 8 | D15: 2.8 | E15: =C15-D15 | F15: =IF(C15=0,0,E15/C15) | G15: =IF(ABS(F15-الإعدادات!$B$20)<0.0000001,"نعم","") | H15: =IF(الإعدادات!$B$17="حسب المنتج",(1-الإعدادات!$B$6)*F15,الإعدادات!$B$23) | I15: =C15*H15 | J15: =C15-I15-D15 | K15: =IF(E15=0,0,J15/E15) | L15: =IF(الإعدادات!$B$17="حسب المنتج",(1-الإعدادات!$B$7)*F15,الإعدادات!$B$24) | M15: =C15*L15 | N15: =C15-M15-D15 | O15: =IF(E15=0,0,N15/E15) | P15: =IF(الإعدادات!$B$17="حسب المنتج",(1-الإعدادات!$B$8)*F15,الإعدادات!$B$25) | Q15: =C15*P15 | R15: =C15-Q15-D15 | S15: =IF(E15=0,0,R15/E15) | T15: =IF(S15+0.0000001>=الإعدادات!$B$8,"يتحقق","أقل من الشرط")
... A27: جل استحمام | B27: Shower Gel - Oud 400ml | C27: 5 | D27: 1.95 | E27: =C27-D27 | F27: =IF(C27=0,0,E27/C27) | G27: =IF(ABS(F27-الإعدادات!$B$20)<0.0000001,"نعم","") | H27: =IF(الإعدادات!$B$17="حسب المنتج",(1-الإعدادات!$B$6)*F27,الإعدادات!$B$23) | I27: =C27*H27 | J27: =C27-I27-D27 | K27: =IF(E27=0,0,J27/E27) | L27: =IF(الإعدادات!$B$17="حسب المنتج",(1-الإعدادات!$B$7)*F27,الإعدادات!$B$24) | M27: =C27*L27 | N27: =C27-M27-D27 | O27: =IF(E27=0,0,N27/E27) | P27: =IF(الإعدادات!$B$17="حسب المنتج",(1-الإعدادات!$B$8)*F27,الإعدادات!$B$25) | Q27: =C27*P27 | R27: =C27-Q27-D27 | S27: =IF(E27=0,0,R27/E27) | T27: =IF(S27+0.0000001>=الإعدادات!$B$8,"يتحقق","أقل من الشرط")

Sheet الحاسبة
A1: حاسبة المبيعات الشهرية
A2: اكتب الكمية المتوقعة في العمود الأصفر. الشريحة والعمولة وصافي المالك تُحسب بالدوال من ورقة المنتجات وورقة الإعدادات.
A4: إجمالي المبيعات | B4: =SUM(F16:F39)
A5: إجمالي التكلفة | B5: =SUM(G16:G39)
A6: إجمالي الربح | B6: =B4-B5
A7: الشريحة | B7: =IF(B4=0,"أدخل الكميات",IF(B4<=الإعدادات!C12,"الأساسية",IF(B4<=الإعدادات!C13,"المتوسطة","العليا")))
A8: نسبة العمولة | B8: =IF(B4=0,0,IF(الإعدادات!B17="حسب المنتج","حسب المنتج",IF(B7="الأساسية",الإعدادات!B23,IF(B7="المتوسطة",الإعدادات!B24,الإعدادات!B25))))
A9: عمولة الشركة | B9: =SUM(J16:J39)
A10: صافي المالك | B10: =B4-B5-B9
A11: حصة المالك من الربح | B11: =IF(B6=0,0,B10/B6)
A12: شرط الشريحة الحالية | B12: =IF(B6=0,"—",IF(B11+0.0000001>=IF(B7="الأساسية",الإعدادات!B6,IF(B7="المتوسطة",الإعدادات!B7,الإعدادات!B8)),"يتحقق","أقل من الشرط"))
A14: إذا ظهرت النسبة كنص «حسب المنتج» فالعمولة تختلف من صنف إلى صنف، والتفاصيل في الجدول.
A15: المنتج | B15: التصنيف | C15: سعر البيع | D15: التكلفة | E15: الكمية | F15: المبيعات | G15: إجمالي التكلفة | H15: الربح | I15: نسبة العمولة | J15: عمولة الشركة | K15: صافي المالك | L15: حصته من الربح
A16: =المنتجات!B4 | B16: =المنتجات!A4 | C16: =المنتجات!C4 | D16: =المنتجات!D4 | F16: =IF(E16="",0,E16)*C16 | G16: =IF(E16="",0,E16)*D16 | H16: =F16-G16 | I16: =IF($B$4=0,0,IF($B$4<=الإعدادات!$C$12,المنتجات!H4,IF($B$4<=الإعدادات!$C$13,المنتجات!L4,المنتجات!P4))) | J16: =F16*I16 | K16: =F16-G16-J16 | L16: =IF(H16=0,0,K16/H16)
A17: =المنتجات!B5 | B17: =المنتجات!A5 | C17: =المنتجات!C5 | D17: =المنتجات!D5 | F17: =IF(E17="",0,E17)*C17 | G17: =IF(E17="",0,E17)*D17 | H17: =F17-G17 | I17: =IF($B$4=0,0,IF($B$4<=الإعدادات!$C$12,المنتجات!H5,IF($B$4<=الإعدادات!$C$13,المنتجات!L5,المنتجات!P5))) | J17: =F17*I17 | K17: =F17-G17-J17 | L17: =IF(H17=0,0,K17/H17)
A18: =المنتجات!B6 | B18: =المنتجات!A6 | C18: =المنتجات!C6 | D18: =المنتجات!D6 | F18: =IF(E18="",0,E18)*C18 | G18: =IF(E18="",0,E18)*D18 | H18: =F18-G18 | I18: =IF($B$4=0,0,IF($B$4<=الإعدادات!$C$12,المنتجات!H6,IF($B$4<=الإعدادات!$C$13,المنتجات!L6,المنتجات!P6))) | J18: =F18*I18 | K18: =F18-G18-J18 | L18: =IF(H18=0,0,K18/H18)
A19: =المنتجات!B7 | B19: =المنتجات!A7 | C19: =المنتجات!C7 | D19: =المنتجات!D7 | F19: =IF(E19="",0,E19)*C19 | G19: =IF(E19="",0,E19)*D19 | H19: =F19-G19 | I19: =IF($B$4=0,0,IF($B$4<=الإعدادات!$C$12,المنتجات!H7,IF($B$4<=الإعدادات!$C$13,المنتجات!L7,المنتجات!P7))) | J19: =F19*I19 | K19: =F19-G19-J19 | L19: =IF(H19=0,0,K19/H19)
A20: =المنتجات!B8 | B20: =المنتجات!A8 | C20: =المنتجات!C8 | D20: =المنتجات!D8 | F20: =IF(E20="",0,E20)*C20 | G20: =IF(E20="",0,E20)*D20 | H20: =F20-G20 | I20: =IF($B$4=0,0,IF($B$4<=الإعدادات!$C$12,المنتجات!H8,IF($B$4<=الإعدادات!$C$13,المنتجات!L8,المنتجات!P8))) | J20: =F20*I20 | K20: =F20-G20-J20 | L20: =IF(H20=0,0,K20/H20)
A21: =المنتجات!B9 | B21: =المنتجات!A9 | C21: =المنتجات!C9 | D21: =المنتجات!D9 | F21: =IF(E21="",0,E21)*C21 | G21: =IF(E21="",0,E21)*D21 | H21: =F21-G21 | I21: =IF($B$4=0,0,IF($B$4<=الإعدادات!$C$12,المنتجات!H9,IF($B$4<=الإعدادات!$C$13,المنتجات!L9,المنتجات!P9))) | J21: =F21*I21 | K21: =F21-G21-J21 | L21: =IF(H21=0,0,K21/H21)
A22: =المنتجات!B10 | B22: =المنتجات!A10 | C22: =المنتجات!C10 | D22: =المنتجات!D10 | F22: =IF(E22="",0,E22)*C22 | G22: =IF(E22="",0,E22)*D22 | H22: =F22-G22 | I22: =IF($B$4=0,0,IF($B$4<=الإعدادات!$C$12,المنتجات!H10,IF($B$4<=الإعدادات!$C$13,المنتجات!L10,المنتجات!P10))) | J22: =F22*I22 | K22: =F22-G22-J22 | L22: =IF(H22=0,0,K22/H22)
A23: =المنتجات!B11 | B23: =المنتجات!A11 | C23: =المنتجات!C11 | D23: =المنتجات!D11 | F23: =IF(E23="",0,E23)*C23 | G23: =IF(E23="",0,E23)*D23 | H23: =F23-G23 | I23: =IF($B$4=0,0,IF($B$4<=الإعدادات!$C$12,المنتجات!H11,IF($B$4<=الإعدادات!$C$13,المنتجات!L11,المنتجات!P11))) | J23: =F23*I23 | K23: =F23-G23-J23 | L23: =IF(H23=0,0,K23/H23)
A24: =المنتجات!B12 | B24: =المنتجات!A12 | C24: =المنتجات!C12 | D24: =المنتجات!D12 | F24: =IF(E24="",0,E24)*C24 | G24: =IF(E24="",0,E24)*D24 | H24: =F24-G24 | I24: =IF($B$4=0,0,IF($B$4<=الإعدادات!$C$12,المنتجات!H12,IF($B$4<=الإعدادات!$C$13,المنتجات!L12,المنتجات!P12))) | J24: =F24*I24 | K24: =F24-G24-J24 | L24: =IF(H24=0,0,K24/H24)
A25: =المنتجات!B13 | B25: =المنتجات!A13 | C25: =المنتجات!C13 | D25: =المنتجات!D13 | F25: =IF(E25="",0,E25)*C25 | G25: =IF(E25="",0,E25)*D25 | H25: =F25-G25 | I25: =IF($B$4=0,0,IF($B$4<=الإعدادات!$C$12,المنتجات!H13,IF($B$4<=الإعدادات!$C$13,المنتجات!L13,المنتجات!P13))) | J25: =F25*I25 | K25: =F25-G25-J25 | L25: =IF(H25=0,0,K25/H25)
A26: =المنتجات!B14 | B26: =المنتجات!A14 | C26: =المنتجات!C14 | D26: =المنتجات!D14 | F26: =IF(E26="",0,E26)*C26 | G26: =IF(E26="",0,E26)*D26 | H26: =F26-G26 | I26: =IF($B$4=0,0,IF($B$4<=الإعدادات!$C$12,المنتجات!H14,IF($B$4<=الإعدادات!$C$13,المنتجات!L14,المنتجات!P14))) | J26: =F26*I26 | K26: =F26-G26-J26 | L26: =IF(H26=0,0,K26/H26)
A27: =المنتجات!B15 | B27: =المنتجات!A15 | C27: =المنتجات!C15 | D27: =المنتجات!D15 | F27: =IF(E27="",0,E27)*C27 | G27: =IF(E27="",0,E27)*D27 | H27: =F27-G27 | I27: =IF($B$4=0,0,IF($B$4<=الإعدادات!$C$12,المنتجات!H15,IF($B$4<=الإعدادات!$C$13,المنتجات!L15,المنتجات!P15))) | J27: =F27*I27 | K27: =F27-G27-J27 | L27: =IF(H27=0,0,K27/H27)
... A39: =المنتجات!B27 | B39: =المنتجات!A27 | C39: =المنتجات!C27 | D39: =المنتجات!D27 | F39: =IF(E39="",0,E39)*C39 | G39: =IF(E39="",0,E39)*D39 | H39: =F39-G39 | I39: =IF($B$4=0,0,IF($B$4<=الإعدادات!$C$12,المنتجات!H27,IF($B$4<=الإعدادات!$C$13,المنتجات!L27,المنتجات!P27))) | J39: =F39*I39 | K39: =F39-G39-J39 | L39: =IF(H39=0,0,K39/H39)
A41: مثال جاهز بالدوال: 10 وحدات من كل منتج
A42: مبيعات المثال | B42: =10*SUM(المنتجات!C4:C27)
A43: تكلفة المثال | B43: =10*SUM(المنتجات!D4:D27)
A44: ربح المثال | B44: =B42-B43
A45: الشريحة | B45: =IF(B42<=الإعدادات!C12,"الأساسية",IF(B42<=الإعدادات!C13,"المتوسطة","العليا"))
A46: عمولة الشركة | B46: =IF(B45="الأساسية",SUMPRODUCT(المنتجات!C4:C27,المنتجات!H4:H27),IF(B45="المتوسطة",SUMPRODUCT(المنتجات!C4:C27,المنتجات!L4:L27),SUMPRODUCT(المنتجات!C4:C27,المنتجات!P4:P27)))*10
A47: صافي المالك | B47: =B42-B43-B46
A48: حصته من الربح | B48: =IF(B44=0,0,B47/B44)
A49: الشرط | B49: =IF(B48+0.0000001>=IF(B45="الأساسية",الإعدادات!B6,IF(B45="المتوسطة",الإعدادات!B7,الإعدادات!B8)),"يتحقق","أقل من الشرط")
